0	0	0	0	834	0.997823	186731
0	0	0	0	1668	1.997239	384656
0	0	0	0	2502	2.996286	582619
0	0	0	0	3336	3.995061	780581
0	0	0	0	4170	4.994642	978628
0	0	0	0	5004	5.994414	1176703
0	0	0	0	5838	6.993869	1374603
0	0	0	0	6672	7.993916	1572772
0	0	0	0	7506	8.992313	1770545
0	0	0	0	8340	9.992403	1968626
0	0	0	0	9174	10.991499	2166609
0	0	0	0	10008	11.990928	2364606
0	0	0	0	10842	12.991047	2562719
0	0	0	0	11676	13.989774	2760515
0	0	0	0	12510	14.989808	2958607
0	0	0	0	13344	15.988478	3156532
0	0	0	0	14178	16.988353	3354541
0	0	0	0	15012	17.988157	3552676
0	0	0	0	15846	18.987192	3750522
0	0	0	0	16680	19.986855	3948543
0	0	0	0	17514	20.985760	4146503
0	0	0	0	18348	21.985560	4344517
0	0	0	0	19182	22.985992	4542677
0	0	0	0	20016	23.984755	4740621
0	0	0	0	20850	24.984693	4938724
0	0	0	0	21684	25.983323	5136451
0	0	0	0	22518	26.983588	5334593
0	0	0	0	23352	27.983216	5532691
0	0	0	0	24186	28.982711	5730634
0	0	0	0	25020	29.981876	5928632
0	0	0	0	25854	30.980628	6126511
0	0	0	0	26688	31.979879	6324478
0	0	0	0	27522	32.980129	6522613
0	0	0	0	28356	33.978616	6720386
0	0	0	0	29190	34.978578	6918603
0	0	0	0	30024	35.976860	7116431
0	0	0	0	30858	36.976993	7314561
0	0	0	0	31692	37.976185	7512496
0	0	0	0	32526	38.975545	7710403
0	0	0	0	33360	39.974873	7908435
0	0	0	0	34194	40.974505	8106384
0	0	0	0	35028	41.973466	8304475
0	0	0	0	35862	42.972999	8502447
0	0	0	0	36696	43.972418	8700505
0	0	0	0	37530	44.971717	8898363
0	0	0	0	38364	45.970941	9096342
0	0	0	0	39198	46.970218	9294416
0	0	0	0	40032	47.970113	9492363
0	0	0	0	40866	48.969120	9690233
0	0	0	0	41700	49.969083	9888201
0	0	0	0	42534	50.968517	10086151
0	0	0	0	43368	51.968010	10284220
0	0	0	0	44202	52.967278	10482144
0	0	0	0	45036	53.966763	10680238
0	0	0	0	45870	54.965497	10878340
0	0	0	0	46704	55.965296	11076296
0	0	0	0	47538	56.964498	11274222
0	0	0	0	48372	57.964407	11472463
0	0	0	0	49206	58.963235	11670353
0	0	0	0	50040	59.963642	11868462
0	0	0	0	50874	60.962626	12066207
0	0	0	0	51708	61.962691	12264319
0	0	0	0	52542	62.961441	12462182
0	0	0	0	53376	63.961030	12660405
0	0	0	0	54210	64.960217	12858287
0	0	0	0	55044	65.960222	13056236
0	0	0	0	55878	66.959164	13254160
0	0	0	0	56712	67.959238	13452300
0	0	0	0	57546	68.958775	13650305
0	0	0	0	58380	69.958091	13848306
0	0	0	0	59214	70.957309	14046237
0	0	0	0	60048	71.957298	14242720
0	0	0	0	60882	72.956911	14437142
0	0	0	0	61716	73.956568	14630835
0	0	0	0	62550	74.956104	14821701
0	0	0	0	63384	75.288163	14855123
0	0	0	0	64218	75.289934	14855027
0	0	0	1	834	1.002154	185161
0	0	0	1	1668	2.000735	383158
0	0	0	1	2502	3.000273	581091
0	0	0	1	3336	3.999752	779033
0	0	0	1	4170	4.998808	977079
0	0	0	1	5004	5.998067	1175144
0	0	0	1	5838	6.997272	1373184
0	0	0	1	6672	7.997616	1571275
0	0	0	1	7506	8.996397	1769092
0	0	0	1	8340	9.995611	1967211
0	0	0	1	9174	10.994378	2165218
0	0	0	1	10008	11.994087	2363213
0	0	0	1	10842	12.993372	2561274
0	0	0	1	11676	13.992676	2759122
0	0	0	1	12510	14.992126	2957218
0	0	0	1	13344	15.991752	3155063
0	0	0	1	14178	16.991330	3353115
0	0	0	1	15012	17.990891	3551213
0	0	0	1	15846	18.990367	3749096
0	0	0	1	16680	19.990115	3947138
0	0	0	1	17514	20.989613	4145125
0	0	0	1	18348	21.988708	4343265
0	0	0	1	19182	22.988381	4541366
0	0	0	1	20016	23.987502	4739219
0	0	0	1	20850	24.987608	4937342
0	0	0	1	21684	25.986415	5135174
0	0	0	1	22518	26.986348	5333348
0	0	0	1	23352	27.985482	5531366
0	0	0	1	24186	28.985006	5729346
0	0	0	1	25020	29.984872	5927330
0	0	0	1	25854	30.984376	6125184
0	0	0	1	26688	31.983135	6323242
0	0	0	1	27522	32.983078	6521347
0	0	0	1	28356	33.982307	6719162
0	0	0	1	29190	34.982480	6917216
0	0	0	1	30024	35.981394	7114976
0	0	0	1	30858	36.980728	7313102
0	0	0	1	31692	37.979564	7511102
0	0	0	1	32526	38.979087	7709120
0	0	0	1	33360	39.978967	7907126
0	0	0	1	34194	40.977732	8105092
0	0	0	1	35028	41.976931	8303084
0	0	0	1	35862	42.976109	8501084
0	0	0	1	36696	43.975448	8699083
0	0	0	1	37530	44.974945	8897109
0	0	0	1	38364	45.973721	9095136
0	0	0	1	39198	46.973698	9293188
0	0	0	1	40032	47.972922	9491102
0	0	0	1	40866	48.972853	9689018
0	0	0	1	41700	49.973063	9887055
0	0	0	1	42534	50.971593	10085150
0	0	0	1	43368	51.971648	10283155
0	0	0	1	44202	52.970595	10481037
0	0	0	1	45036	53.970383	10679149
0	0	0	1	45870	54.969719	10876946
0	0	0	1	46704	55.969483	11074876
0	0	0	1	47538	56.968865	11273095
0	0	0	1	48372	57.967867	11470930
0	0	0	1	49206	58.967352	11668677
0	0	0	1	50040	59.967929	11867177
0	0	0	1	50874	60.965802	12065063
0	0	0	1	51708	61.966009	12263031
0	0	0	1	52542	62.964303	12460876
0	0	0	1	53376	63.964843	12659041
0	0	0	1	54210	64.964511	12856711
0	0	0	1	55044	65.963641	13054802
0	0	0	1	55878	66.962813	13252719
0	0	0	1	56712	67.962050	13450763
0	0	0	1	57546	68.961341	13648848
0	0	0	1	58380	69.961147	13846862
0	0	0	1	59214	70.960337	14044693
0	0	0	1	60048	71.960080	14241693
0	0	0	1	60882	72.959095	14436041
0	0	0	1	61716	73.958812	14629307
0	0	0	1	62550	74.956963	14820536
0	0	0	1	63384	75.290375	14855148
0	0	0	1	64218	75.291604	14854860
0	0	0	2	834	0.990074	186316
0	0	0	2	1668	1.989383	384150
0	0	0	2	2502	2.988197	582193
0	0	0	2	3336	3.987131	780338
0	0	0	2	4170	4.986377	978222
0	0	0	2	5004	5.986011	1176204
0	0	0	2	5838	6.984951	1374158
0	0	0	2	6672	7.984927	1572361
0	0	0	2	7506	8.983269	1770348
0	0	0	2	8340	9.983283	1968264
0	0	0	2	9174	10.982310	2166250
0	0	0	2	10008	11.981494	2364251
0	0	0	2	10842	12.981156	2562159
0	0	0	2	11676	13.979834	2760144
0	0	0	2	12510	14.979942	2958144
0	0	0	2	13344	15.979061	3156161
0	0	0	2	14178	16.978670	3354187
0	0	0	2	15012	17.978283	3552158
0	0	0	2	15846	18.977018	3750154
0	0	0	2	16680	19.976457	3948245
0	0	0	2	17514	20.975396	4146179
0	0	0	2	18348	21.974901	4344203
0	0	0	2	19182	22.975079	4542212
0	0	0	2	20016	23.973666	4740210
0	0	0	2	20850	24.973672	4938232
0	0	0	2	21684	25.972183	5136120
0	0	0	2	22518	26.972122	5334142
0	0	0	2	23352	27.971839	5532227
0	0	0	2	24186	28.971254	5730266
0	0	0	2	25020	29.969958	5928270
0	0	0	2	25854	30.969399	6126328
0	0	0	2	26688	31.968728	6324230
0	0	0	2	27522	32.969234	6522304
0	0	0	2	28356	33.967921	6720248
0	0	0	2	29190	34.967672	6918328
0	0	0	2	30024	35.965845	7116231
0	0	0	2	30858	36.966463	7314222
0	0	0	2	31692	37.965193	7512176
0	0	0	2	32526	38.964561	7709979
0	0	0	2	33360	39.963984	7908028
0	0	0	2	34194	40.962947	8105793
0	0	0	2	35028	41.962342	8303848
0	0	0	2	35862	42.961933	8501781
0	0	0	2	36696	43.961307	8699865
0	0	0	2	37530	44.960653	8897953
0	0	0	2	38364	45.959603	9095749
0	0	0	2	39198	46.959338	9293844
0	0	0	2	40032	47.959309	9491878
0	0	0	2	40866	48.958492	9689810
0	0	0	2	41700	49.957487	9887904
0	0	0	2	42534	50.956834	10085812
0	0	0	2	43368	51.956618	10283757
0	0	0	2	44202	52.956040	10481663
0	0	0	2	45036	53.955517	10679725
0	0	0	2	45870	54.954378	10877906
0	0	0	2	46704	55.954688	11075767
0	0	0	2	47538	56.953729	11273823
0	0	0	2	48372	57.952911	11471673
0	0	0	2	49206	58.952198	11669754
0	0	0	2	50040	59.952117	11867989
0	0	0	2	50874	60.950945	12065709
0	0	0	2	51708	61.951150	12263773
0	0	0	2	52542	62.950122	12461452
0	0	0	2	53376	63.950007	12659668
0	0	0	2	54210	64.949301	12857552
0	0	0	2	55044	65.948631	13055414
0	0	0	2	55878	66.947637	13253435
0	0	0	2	56712	67.947187	13451238
0	0	0	2	57546	68.946081	13649223
0	0	0	2	58380	69.945808	13847317
0	0	0	2	59214	70.945021	14045224
0	0	0	2	60048	71.944742	14241993
0	0	0	2	60882	72.944121	14435991
0	0	0	2	61716	73.943479	14629376
0	0	0	2	62550	74.942861	14820065
0	0	0	2	63384	75.274150	14854183
0	0	0	2	64218	75.276896	14854262
0	0	0	3	834	1.000435	186065
0	0	0	3	1668	1.998888	383920
0	0	0	3	2502	2.998428	581996
0	0	0	3	3336	3.998101	780043
0	0	0	3	4170	4.996744	978011
0	0	0	3	5004	5.996521	1175999
0	0	0	3	5838	6.995449	1373965
0	0	0	3	6672	7.995808	1572185
0	0	0	3	7506	8.994848	1770097
0	0	0	3	8340	9.994196	1968047
0	0	0	3	9174	10.993268	2166000
0	0	0	3	10008	11.992622	2364012
0	0	0	3	10842	12.992024	2561978
0	0	0	3	11676	13.991583	2759931
0	0	0	3	12510	14.990990	2957917
0	0	0	3	13344	15.990271	3155971
0	0	0	3	14178	16.989695	3353926
0	0	0	3	15012	17.989281	3552004
0	0	0	3	15846	18.988544	3749986
0	0	0	3	16680	19.988466	3948100
0	0	0	3	17514	20.987699	4146065
0	0	0	3	18348	21.987160	4344085
0	0	0	3	19182	22.987015	4542114
0	0	0	3	20016	23.986439	4740125
0	0	0	3	20850	24.986703	4938251
0	0	0	3	21684	25.985496	5136165
0	0	0	3	22518	26.985766	5334272
0	0	0	3	23352	27.984844	5532249
0	0	0	3	24186	28.984593	5730330
0	0	0	3	25020	29.984636	5928397
0	0	0	3	25854	30.984080	6126447
0	0	0	3	26688	31.983256	6324315
0	0	0	3	27522	32.983374	6522390
0	0	0	3	28356	33.982381	6720361
0	0	0	3	29190	34.982457	6918595
0	0	0	3	30024	35.981227	7116418
0	0	0	3	30858	36.980937	7314425
0	0	0	3	31692	37.979945	7512380
0	0	0	3	32526	38.979355	7710359
0	0	0	3	33360	39.978989	7908432
0	0	0	3	34194	40.978218	8106366
0	0	0	3	35028	41.977770	8304331
0	0	0	3	35862	42.976833	8502260
0	0	0	3	36696	43.976365	8700282
0	0	0	3	37530	44.976451	8898359
0	0	0	3	38364	45.975464	9096296
0	0	0	3	39198	46.975220	9294293
0	0	0	3	40032	47.974484	9492213
0	0	0	3	40866	48.974221	9690385
0	0	0	3	41700	49.974224	9888621
0	0	0	3	42534	50.973148	10086425
0	0	0	3	43368	51.973312	10284538
0	0	0	3	44202	52.972359	10482378
0	0	0	3	45036	53.972335	10680564
0	0	0	3	45870	54.971974	10878589
0	0	0	3	46704	55.971036	11076417
0	0	0	3	47538	56.970594	11274550
0	0	0	3	48372	57.969695	11472500
0	0	0	3	49206	58.969552	11670531
0	0	0	3	50040	59.970204	11868859
0	0	0	3	50874	60.968435	12066401
0	0	0	3	51708	61.968314	12264508
0	0	0	3	52542	62.966455	12462255
0	0	0	3	53376	63.967400	12660626
0	0	0	3	54210	64.966421	12858638
0	0	0	3	55044	65.966131	13056478
0	0	0	3	55878	66.964965	13254519
0	0	0	3	56712	67.964133	13452461
0	0	0	3	57546	68.963459	13650468
0	0	0	3	58380	69.963051	13848430
0	0	0	3	59214	70.962615	14046373
0	0	0	3	60048	71.962359	14243342
0	0	0	3	60882	72.960947	14437427
0	0	0	3	61716	73.960550	14630961
0	0	0	3	62550	74.959538	14821757
0	0	0	3	63384	75.278069	14854223
0	0	0	3	64218	75.280720	14853929
0	0	0	4	834	1.005453	185684
0	0	0	4	1668	2.004339	383922
0	0	0	4	2502	3.003259	582138
0	0	0	4	3336	4.002391	780259
0	0	0	4	4170	5.001910	978486
0	0	0	4	5004	6.001633	1176783
0	0	0	4	5838	7.000438	1374880
0	0	0	4	6672	8.000540	1573206
0	0	0	4	7506	8.998884	1771199
0	0	0	4	8340	9.998739	1969549
0	0	0	4	9174	10.997919	2167756
0	0	0	4	10008	11.997234	2365905
0	0	0	4	10842	12.997314	2564132
0	0	0	4	11676	13.995908	2762094
0	0	0	4	12510	14.995787	2960300
0	0	0	4	13344	15.994876	3158431
0	0	0	4	14178	16.994262	3356603
0	0	0	4	15012	17.994308	3554796
0	0	0	4	15846	18.992972	3752858
0	0	0	4	16680	19.992616	3951150
0	0	0	4	17514	20.991609	4149220
0	0	0	4	18348	21.991036	4347481
0	0	0	4	19182	22.991112	4545761
0	0	0	4	20016	23.990097	4743733
0	0	0	4	20850	24.989871	4942078
0	0	0	4	21684	25.988242	5140065
0	0	0	4	22518	26.988537	5338363
0	0	0	4	23352	27.988230	5536557
0	0	0	4	24186	28.987386	5734633
0	0	0	4	25020	29.986736	5932740
0	0	0	4	25854	30.986107	6130764
0	0	0	4	26688	31.985123	6329005
0	0	0	4	27522	32.985243	6527232
0	0	0	4	28356	33.983949	6725253
0	0	0	4	29190	34.983881	6923516
0	0	0	4	30024	35.982721	7121445
0	0	0	4	30858	36.982483	7319745
0	0	0	4	31692	37.981620	7517818
0	0	0	4	32526	38.980389	7715788
0	0	0	4	33360	39.980498	7914001
0	0	0	4	34194	40.979730	8112002
0	0	0	4	35028	41.979211	8310103
0	0	0	4	35862	42.978583	8508312
0	0	0	4	36696	43.977818	8706373
0	0	0	4	37530	44.976862	8904539
0	0	0	4	38364	45.976383	9102600
0	0	0	4	39198	46.975683	9300729
0	0	0	4	40032	47.975015	9498867
0	0	0	4	40866	48.973763	9696913
0	0	0	4	41700	49.973398	9895056
0	0	0	4	42534	50.972619	10093082
0	0	0	4	43368	51.972325	10291277
0	0	0	4	44202	52.971261	10489399
0	0	0	4	45036	53.970920	10687617
0	0	0	4	45870	54.970145	10885687
0	0	0	4	46704	55.970088	11083962
0	0	0	4	47538	56.969758	11281991
0	0	0	4	48372	57.969074	11480086
0	0	0	4	49206	58.968290	11678109
0	0	0	4	50040	59.968197	11876262
0	0	0	4	50874	60.966716	12074214
0	0	0	4	51708	61.966674	12272307
0	0	0	4	52542	62.965777	12470219
0	0	0	4	53376	63.965704	12668627
0	0	0	4	54210	64.964907	12866597
0	0	0	4	55044	65.964368	13064689
0	0	0	4	55878	66.963534	13262588
0	0	0	4	56712	67.962717	13460667
0	0	0	4	57546	68.962001	13658853
0	0	0	4	58380	69.961630	13857049
0	0	0	4	59214	70.960864	14055157
0	0	0	4	60048	71.960377	14251841
0	0	0	4	60882	72.959487	14446105
0	0	0	4	61716	73.959564	14639751
0	0	0	4	62550	74.958458	14830020
0	0	0	4	63384	75.240230	14858653
0	0	0	4	64218	75.241925	14858940
0	0	0	5	834	1.003137	183842
0	0	0	5	1668	2.001360	382001
0	0	0	5	2502	3.000659	580058
0	0	0	5	3336	4.000456	778099
0	0	0	5	4170	4.999009	976217
0	0	0	5	5004	5.997991	1174436
0	0	0	5	5838	6.996912	1372546
0	0	0	5	6672	7.997049	1570788
0	0	0	5	7506	8.995991	1768717
0	0	0	5	8340	9.994806	1966965
0	0	0	5	9174	10.993797	2165073
0	0	0	5	10008	11.992918	2363121
0	0	0	5	10842	12.992069	2561327
0	0	0	5	11676	13.991105	2759265
0	0	0	5	12510	14.990586	2957447
0	0	0	5	13344	15.989873	3155517
0	0	0	5	14178	16.989393	3353697
0	0	0	5	15012	17.988323	3551862
0	0	0	5	15846	18.987549	3749839
0	0	0	5	16680	19.986896	3948001
0	0	0	5	17514	20.986110	4146057
0	0	0	5	18348	21.985218	4344169
0	0	0	5	19182	22.984527	4542474
0	0	0	5	20016	23.983642	4740496
0	0	0	5	20850	24.983307	4938706
0	0	0	5	21684	25.981981	5136644
0	0	0	5	22518	26.981391	5334902
0	0	0	5	23352	27.980827	5533035
0	0	0	5	24186	28.980006	5731155
0	0	0	5	25020	29.979494	5929185
0	0	0	5	25854	30.978900	6127240
0	0	0	5	26688	31.977875	6325384
0	0	0	5	27522	32.977232	6523641
0	0	0	5	28356	33.976100	6721608
0	0	0	5	29190	34.975949	6919782
0	0	0	5	30024	35.974885	7117678
0	0	0	5	30858	36.973925	7315934
0	0	0	5	31692	37.972688	7513942
0	0	0	5	32526	38.971606	7711931
0	0	0	5	33360	39.970775	7909853
0	0	0	5	34194	40.969206	8108066
0	0	0	5	35028	41.968419	8306133
0	0	0	5	35862	42.967427	8504270
0	0	0	5	36696	43.966377	8702196
0	0	0	5	37530	44.966101	8900263
0	0	0	5	38364	45.964478	9098317
0	0	0	5	39198	46.964230	9296358
0	0	0	5	40032	47.962999	9494521
0	0	0	5	40866	48.962397	9692676
0	0	0	5	41700	49.962229	9890833
0	0	0	5	42534	50.960913	10088651
0	0	0	5	43368	51.960396	10286784
0	0	0	5	44202	52.958792	10484783
0	0	0	5	45036	53.958688	10682801
0	0	0	5	45870	54.958480	10880793
0	0	0	5	46704	55.957316	11079170
0	0	0	5	47538	56.956610	11277108
0	0	0	5	48372	57.955403	11475210
0	0	0	5	49206	58.954969	11673230
0	0	0	5	50040	59.954824	11871258
0	0	0	5	50874	60.952793	12069295
0	0	0	5	51708	61.952796	12267459
0	0	0	5	52542	62.950653	12465329
0	0	0	5	53376	63.950670	12663666
0	0	0	5	54210	64.949354	12861668
0	0	0	5	55044	65.948575	13059756
0	0	0	5	55878	66.947824	13257730
0	0	0	5	56712	67.946190	13455650
0	0	0	5	57546	68.946252	13653652
0	0	0	5	58380	69.945349	13851773
0	0	0	5	59214	70.944493	14050047
0	0	0	5	60048	71.943452	14246635
0	0	0	5	60882	72.941567	14440937
0	0	0	5	61716	73.941042	14634551
0	0	0	5	62550	74.939444	14825252
0	0	0	5	63384	75.261137	14856975
0	0	0	5	64218	75.260615	14856813
0	0	0	6	834	0.998314	187812
0	0	0	6	1668	1.997488	386332
0	0	0	6	2502	2.996430	585077
0	0	0	6	3336	3.995226	783905
0	0	0	6	4170	4.994311	982362
0	0	0	6	5004	5.993867	1181000
0	0	0	6	5838	6.992581	1379683
0	0	0	6	6672	7.992304	1578506
0	0	0	6	7506	8.990419	1776991
0	0	0	6	8340	9.990245	1975632
0	0	0	6	9174	10.989461	2174241
0	0	0	6	10008	11.988519	2372837
0	0	0	6	10842	12.987924	2571363
0	0	0	6	11676	13.986188	2769827
0	0	0	6	12510	14.985876	2968496
0	0	0	6	13344	15.984594	3166954
0	0	0	6	14178	16.983984	3365543
0	0	0	6	15012	17.983396	3564162
0	0	0	6	15846	18.981956	3762628
0	0	0	6	16680	19.981434	3961225
0	0	0	6	17514	20.979959	4159848
0	0	0	6	18348	21.979591	4358265
0	0	0	6	19182	22.979257	4556875
0	0	0	6	20016	23.977553	4755454
0	0	0	6	20850	24.977488	4954044
0	0	0	6	21684	25.975457	5152393
0	0	0	6	22518	26.975431	5350960
0	0	0	6	23352	27.974714	5549410
0	0	0	6	24186	28.973881	5747984
0	0	0	6	25020	29.972780	5946368
0	0	0	6	25854	30.971449	6144915
0	0	0	6	26688	31.970926	6343278
0	0	0	6	27522	32.970678	6541834
0	0	0	6	28356	33.969082	6740249
0	0	0	6	29190	34.968937	6938866
0	0	0	6	30024	35.966806	7137138
0	0	0	6	30858	36.967027	7335706
0	0	0	6	31692	37.965916	7533988
0	0	0	6	32526	38.964527	7732362
0	0	0	6	33360	39.964060	7930824
0	0	0	6	34194	40.962733	8129015
0	0	0	6	35028	41.961961	8327369
0	0	0	6	35862	42.960954	8525851
0	0	0	6	36696	43.960113	8724317
0	0	0	6	37530	44.958833	8922722
0	0	0	6	38364	45.957953	9120911
0	0	0	6	39198	46.956962	9319433
0	0	0	6	40032	47.956622	9517704
0	0	0	6	40866	48.955561	9716145
0	0	0	6	41700	49.954392	9914491
0	0	0	6	42534	50.953324	10112809
0	0	0	6	43368	51.952625	10311107
0	0	0	6	44202	52.951573	10509304
0	0	0	6	45036	53.950910	10707863
0	0	0	6	45870	54.949706	10906109
0	0	0	6	46704	55.949614	11104481
0	0	0	6	47538	56.948317	11302837
0	0	0	6	48372	57.947439	11501161
0	0	0	6	49206	58.946100	11699443
0	0	0	6	50040	59.945452	11897865
0	0	0	6	50874	60.943925	12095908
0	0	0	6	51708	61.944011	12294525
0	0	0	6	52542	62.942360	12492610
0	0	0	6	53376	63.942303	12691102
0	0	0	6	54210	64.941106	12889353
0	0	0	6	55044	65.940072	13087613
0	0	0	6	55878	66.939077	13286026
0	0	0	6	56712	67.938143	13484100
0	0	0	6	57546	68.937288	13682464
0	0	0	6	58380	69.937414	13880776
0	0	0	6	59214	70.935607	14078829
0	0	0	6	60048	71.935106	14275721
0	0	0	6	60882	72.934107	14470275
0	0	0	6	61716	73.932875	14664004
0	0	0	6	62550	74.932187	14851169
0	0	0	6	63384	75.129990	14859118
0	0	0	6	64218	75.126481	14858975
0	0	0	7	834	1.006092	186175
0	0	0	7	1668	2.004433	384397
0	0	0	7	2502	3.004006	582878
0	0	0	7	3336	4.004130	781319
0	0	0	7	4170	5.002352	979582
0	0	0	7	5004	6.001532	1178062
0	0	0	7	5838	7.001174	1376370
0	0	0	7	6672	8.001274	1574974
0	0	0	7	7506	9.000150	1773259
0	0	0	7	8340	9.999478	1971593
0	0	0	7	9174	10.998623	2169923
0	0	0	7	10008	11.998057	2368255
0	0	0	7	10842	12.997195	2566519
0	0	0	7	11676	13.996186	2764912
0	0	0	7	12510	14.996028	2963239
0	0	0	7	13344	15.995028	3161515
0	0	0	7	14178	16.994498	3359794
0	0	0	7	15012	17.994293	3558186
0	0	0	7	15846	18.993240	3756500
0	0	0	7	16680	19.992688	3954923
0	0	0	7	17514	20.992291	4153265
0	0	0	7	18348	21.991100	4351589
0	0	0	7	19182	22.991002	4549980
0	0	0	7	20016	23.990167	4748340
0	0	0	7	20850	24.989677	4946799
0	0	0	7	21684	25.988871	5144997
0	0	0	7	22518	26.988200	5343359
0	0	0	7	23352	27.987487	5541719
0	0	0	7	24186	28.987140	5740052
0	0	0	7	25020	29.986315	5938364
0	0	0	7	25854	30.986120	6136677
0	0	0	7	26688	31.984880	6334895
0	0	0	7	27522	32.984172	6533207
0	0	0	7	28356	33.983049	6731456
0	0	0	7	29190	34.982688	6929844
0	0	0	7	30024	35.977694	7128008
0	0	0	7	30858	36.981610	7326337
0	0	0	7	31692	37.980592	7524593
0	0	0	7	32526	38.979859	7722768
0	0	0	7	33360	39.979393	7920975
0	0	0	7	34194	40.977605	8119187
0	0	0	7	35028	41.977306	8317494
0	0	0	7	35862	42.976896	8515621
0	0	0	7	36696	43.975977	8713970
0	0	0	7	37530	44.975949	8912268
0	0	0	7	38364	45.974382	9110384
0	0	0	7	39198	46.973961	9308718
0	0	0	7	40032	47.973002	9506925
0	0	0	7	40866	48.972380	9705213
0	0	0	7	41700	49.971935	9903514
0	0	0	7	42534	50.970112	10101690
0	0	0	7	43368	51.970576	10299943
0	0	0	7	44202	52.969065	10498082
0	0	0	7	45036	53.969012	10696360
0	0	0	7	45870	54.967942	10894668
0	0	0	7	46704	55.967448	11092844
0	0	0	7	47538	56.966846	11290993
0	0	0	7	48372	57.966275	11489263
0	0	0	7	49206	58.965795	11687562
0	0	0	7	50040	59.965562	11885782
0	0	0	7	50874	60.964392	12083743
0	0	0	7	51708	61.964541	12281985
0	0	0	7	52542	62.962799	12479949
0	0	0	7	53376	63.963116	12678351
0	0	0	7	54210	64.962287	12876326
0	0	0	7	55044	65.961536	13074232
0	0	0	7	55878	66.960922	13272440
0	0	0	7	56712	67.959968	13470489
0	0	0	7	57546	68.959890	13668677
0	0	0	7	58380	69.958972	13866661
0	0	0	7	59214	70.957693	14064792
0	0	0	7	60048	71.957973	14261505
0	0	0	7	60882	72.956826	14455770
0	0	0	7	61716	73.956294	14649339
0	0	0	7	62550	74.954736	14838884
0	0	0	7	63384	75.191596	14854554
0	0	0	7	64218	75.191560	14854402
0	0	0	8	834	0.997420	184561
0	0	0	8	1668	1.997230	382353
0	0	0	8	2502	2.996490	580019
0	0	0	8	3336	3.996270	777849
0	0	0	8	4170	4.995791	975502
0	0	0	8	5004	5.995210	1173233
0	0	0	8	5838	6.994507	1370872
0	0	0	8	6672	7.994560	1568656
0	0	0	8	7506	8.993586	1766247
0	0	0	8	8340	9.993416	1964040
0	0	0	8	9174	10.992655	2161704
0	0	0	8	10008	11.992337	2359330
0	0	0	8	10842	12.991870	2556926
0	0	0	8	11676	13.991121	2754540
0	0	0	8	12510	14.990982	2952222
0	0	0	8	13344	15.990738	3149932
0	0	0	8	14178	16.990061	3347560
0	0	0	8	15012	17.989323	3545205
0	0	0	8	15846	18.988994	3742856
0	0	0	8	16680	19.988721	3940589
0	0	0	8	17514	20.988460	4138278
0	0	0	8	18348	21.987297	4335955
0	0	0	8	19182	22.986820	4533625
0	0	0	8	20016	23.986531	4731338
0	0	0	8	20850	24.986107	4929038
0	0	0	8	21684	25.984828	5126598
0	0	0	8	22518	26.984880	5324273
0	0	0	8	23352	27.983717	5521843
0	0	0	8	24186	28.983443	5719553
0	0	0	8	25020	29.982742	5917149
0	0	0	8	25854	30.982319	6115035
0	0	0	8	26688	31.981332	6312588
0	0	0	8	27522	32.981129	6510376
0	0	0	8	28356	33.979936	6707822
0	0	0	8	29190	34.979440	6905534
0	0	0	8	30024	35.978541	7103119
0	0	0	8	30858	36.978001	7300700
0	0	0	8	31692	37.976604	7498176
0	0	0	8	32526	38.976307	7695934
0	0	0	8	33360	39.977480	7893901
0	0	0	8	34194	40.975968	8091288
0	0	0	8	35028	41.974942	8288975
0	0	0	8	35862	42.974641	8486606
0	0	0	8	36696	43.973717	8684134
0	0	0	8	37530	44.973611	8881766
0	0	0	8	38364	45.972340	9079282
0	0	0	8	39198	46.971797	9277014
0	0	0	8	40032	47.971026	9474505
0	0	0	8	40866	48.970697	9672365
0	0	0	8	41700	49.970985	9870106
0	0	0	8	42534	50.970080	10067609
0	0	0	8	43368	51.969380	10265351
0	0	0	8	44202	52.968119	10462845
0	0	0	8	45036	53.967666	10660549
0	0	0	8	45870	54.967172	10858264
0	0	0	8	46704	55.966521	11055848
0	0	0	8	47538	56.965698	11253698
0	0	0	8	48372	57.964966	11451246
0	0	0	8	49206	58.964906	11648841
0	0	0	8	50040	59.964559	11846707
0	0	0	8	50874	60.963110	12044193
0	0	0	8	51708	61.963509	12242006
0	0	0	8	52542	62.962113	12439325
0	0	0	8	53376	63.962034	12637031
0	0	0	8	54210	64.961818	12834648
0	0	0	8	55044	65.961109	13032097
0	0	0	8	55878	66.961140	13229822
0	0	0	8	56712	67.960040	13427233
0	0	0	8	57546	68.959844	13625038
0	0	0	8	58380	69.959086	13822649
0	0	0	8	59214	70.958396	14020288
0	0	0	8	60048	71.958660	14216903
0	0	0	8	60882	72.957421	14410750
0	0	0	8	61716	73.957703	14604028
0	0	0	8	62550	74.956091	14794953
0	0	0	8	63384	75.273732	14826231
0	0	0	8	64218	75.274452	14826187
0	0	0	9	834	0.991922	184573
0	0	0	9	1668	1.990727	382323
0	0	0	9	2502	2.990177	579958
0	0	0	9	3336	3.989304	777735
0	0	0	9	4170	4.988752	975382
0	0	0	9	5004	5.988721	1173063
0	0	0	9	5838	6.987055	1370702
0	0	0	9	6672	7.986864	1568471
0	0	0	9	7506	8.985473	1766042
0	0	0	9	8340	9.985302	1963775
0	0	0	9	9174	10.984425	2161407
0	0	0	9	10008	11.983508	2359062
0	0	0	9	10842	12.983226	2556697
0	0	0	9	11676	13.982316	2754306
0	0	0	9	12510	14.981832	2952011
0	0	0	9	13344	15.981021	3149686
0	0	0	9	14178	16.980239	3347314
0	0	0	9	15012	17.979990	3544954
0	0	0	9	15846	18.978402	3742552
0	0	0	9	16680	19.978318	3940321
0	0	0	9	17514	20.977096	4138038
0	0	0	9	18348	21.976937	4335543
0	0	0	9	19182	22.977239	4533229
0	0	0	9	20016	23.975381	4730898
0	0	0	9	20850	24.975237	4928518
0	0	0	9	21684	25.973604	5126068
0	0	0	9	22518	26.973482	5323749
0	0	0	9	23352	27.972805	5521215
0	0	0	9	24186	28.971774	5718920
0	0	0	9	25020	29.971253	5916569
0	0	0	9	25854	30.970331	6114273
0	0	0	9	26688	31.969913	6311835
0	0	0	9	27522	32.969941	6509574
0	0	0	9	28356	33.968043	6707042
0	0	0	9	29190	34.967942	6904631
0	0	0	9	30024	35.966145	7102125
0	0	0	9	30858	36.965896	7299806
0	0	0	9	31692	37.964318	7497336
0	0	0	9	32526	38.963896	7695183
0	0	0	9	33360	39.964408	7892980
0	0	0	9	34194	40.963357	8090464
0	0	0	9	35028	41.961558	8288090
0	0	0	9	35862	42.961250	8485758
0	0	0	9	36696	43.960521	8683252
0	0	0	9	37530	44.959547	8881134
0	0	0	9	38364	45.958573	9078492
0	0	0	9	39198	46.958570	9276235
0	0	0	9	40032	47.957127	9473786
0	0	0	9	40866	48.956581	9671512
0	0	0	9	41700	49.956357	9869327
0	0	0	9	42534	50.955090	10066862
0	0	0	9	43368	51.954549	10264609
0	0	0	9	44202	52.953426	10462062
0	0	0	9	45036	53.952623	10659772
0	0	0	9	45870	54.952050	10857368
0	0	0	9	46704	55.951560	11055021
0	0	0	9	47538	56.951181	11252609
0	0	0	9	48372	57.950040	11450301
0	0	0	9	49206	58.949510	11647967
0	0	0	9	50040	59.949594	11845794
0	0	0	9	50874	60.948500	12043233
0	0	0	9	51708	61.948517	12240990
0	0	0	9	52542	62.947105	12438434
0	0	0	9	53376	63.947097	12636407
0	0	0	9	54210	64.945387	12833794
0	0	0	9	55044	65.945596	13031501
0	0	0	9	55878	66.944719	13229114
0	0	0	9	56712	67.943957	13426710
0	0	0	9	57546	68.943324	13624456
0	0	0	9	58380	69.942681	13822015
0	0	0	9	59214	70.941201	14019626
0	0	0	9	60048	71.941401	14216086
0	0	0	9	60882	72.939802	14409968
0	0	0	9	61716	73.939765	14603311
0	0	0	9	62550	74.938452	14794314
0	0	0	9	63384	75.277772	14824904
0	0	0	9	64218	75.279646	14824567
0	0	0	10	834	0.991578	186247
0	0	0	10	1668	1.991298	383983
0	0	0	10	2502	2.990492	581783
0	0	0	10	3336	3.990400	779527
0	0	0	10	4170	4.989981	977314
0	0	0	10	5004	5.990183	1175203
0	0	0	10	5838	6.989494	1372761
0	0	0	10	6672	7.989323	1570597
0	0	0	10	7506	8.988605	1768184
0	0	0	10	8340	9.988360	1966044
0	0	0	10	9174	10.987752	2163720
0	0	0	10	10008	11.987227	2361457
0	0	0	10	10842	12.986638	2559181
0	0	0	10	11676	13.986275	2756705
0	0	0	10	12510	14.986052	2954504
0	0	0	10	13344	15.985634	3152219
0	0	0	10	14178	16.985126	3349929
0	0	0	10	15012	17.984710	3547747
0	0	0	10	15846	18.983642	3745350
0	0	0	10	16680	19.983454	3943120
0	0	0	10	17514	20.983110	4140826
0	0	0	10	18348	21.982321	4338488
0	0	0	10	19182	22.982122	4536418
0	0	0	10	20016	23.981186	4734065
0	0	0	10	20850	24.981035	4931877
0	0	0	10	21684	25.979908	5129433
0	0	0	10	22518	26.979617	5327327
0	0	0	10	23352	27.978806	5524968
0	0	0	10	24186	28.978326	5722714
0	0	0	10	25020	29.977783	5920446
0	0	0	10	25854	30.977576	6118018
0	0	0	10	26688	31.976504	6315782
0	0	0	10	27522	32.976349	6513794
0	0	0	10	28356	33.974878	6711237
0	0	0	10	29190	34.974769	6908980
0	0	0	10	30024	35.973844	7106698
0	0	0	10	30858	36.973462	7304516
0	0	0	10	31692	37.971964	7502106
0	0	0	10	32526	38.971691	7699920
0	0	0	10	33360	39.971644	7897931
0	0	0	10	34194	40.970369	8095580
0	0	0	10	35028	41.969737	8292993
0	0	0	10	35862	42.969127	8490880
0	0	0	10	36696	43.968830	8688681
0	0	0	10	37530	44.968304	8886181
0	0	0	10	38364	45.966771	9084050
0	0	0	10	39198	46.966356	9281837
0	0	0	10	40032	47.965621	9479526
0	0	0	10	40866	48.965024	9677139
0	0	0	10	41700	49.965074	9874961
0	0	0	10	42534	50.963642	10072556
0	0	0	10	43368	51.963967	10270314
0	0	0	10	44202	52.962150	10467939
0	0	0	10	45036	53.962132	10665979
0	0	0	10	45870	54.961427	10863631
0	0	0	10	46704	55.960659	11061465
0	0	0	10	47538	56.960230	11259278
0	0	0	10	48372	57.959444	11456959
0	0	0	10	49206	58.959218	11654600
0	0	0	10	50040	59.959660	11852521
0	0	0	10	50874	60.958151	12050253
0	0	0	10	51708	61.958392	12247990
0	0	0	10	52542	62.956971	12445498
0	0	0	10	53376	63.957395	12643489
0	0	0	10	54210	64.956388	12840899
0	0	0	10	55044	65.955976	13038744
0	0	0	10	55878	66.955005	13236364
0	0	0	10	56712	67.953818	13434268
0	0	0	10	57546	68.954457	13631909
0	0	0	10	58380	69.953937	13829836
0	0	0	10	59214	70.953176	14027485
0	0	0	10	60048	71.952753	14224099
0	0	0	10	60882	72.951329	14418041
0	0	0	10	61716	73.951498	14611278
0	0	0	10	62550	74.950122	14802386
0	0	0	10	63384	75.259848	14829211
0	0	0	10	64218	75.260292	14829080
0	0	0	11	834	1.000911	183564
0	0	0	11	1668	2.000017	381200
0	0	0	11	2502	2.998994	578952
0	0	0	11	3336	3.998311	776644
0	0	0	11	4170	4.998227	974370
0	0	0	11	5004	5.998170	1172224
0	0	0	11	5838	6.996716	1369766
0	0	0	11	6672	7.996341	1567590
0	0	0	11	7506	8.995087	1765143
0	0	0	11	8340	9.994948	1962965
0	0	0	11	9174	10.994144	2160626
0	0	0	11	10008	11.993688	2358271
0	0	0	11	10842	12.993441	2556027
0	0	0	11	11676	13.991995	2753643
0	0	0	11	12510	14.991510	2951375
0	0	0	11	13344	15.991009	3149033
0	0	0	11	14178	16.990495	3346712
0	0	0	11	15012	17.989944	3544487
0	0	0	11	15846	18.988812	3742063
0	0	0	11	16680	19.988253	3939815
0	0	0	11	17514	20.987323	4137435
0	0	0	11	18348	21.986446	4335247
0	0	0	11	19182	22.986323	4533099
0	0	0	11	20016	23.985106	4730614
0	0	0	11	20850	24.985053	4928359
0	0	0	11	21684	25.983327	5125903
0	0	0	11	22518	26.983809	5323745
0	0	0	11	23352	27.983420	5521457
0	0	0	11	24186	28.982198	5719044
0	0	0	11	25020	29.981481	5916774
0	0	0	11	25854	30.980433	6114369
0	0	0	11	26688	31.979700	6312131
0	0	0	11	27522	32.979799	6510014
0	0	0	11	28356	33.977713	6707470
0	0	0	11	29190	34.977464	6905252
0	0	0	11	30024	35.976062	7102804
0	0	0	11	30858	36.975535	7300506
0	0	0	11	31692	37.974068	7498085
0	0	0	11	32526	38.973777	7695795
0	0	0	11	33360	39.974435	7893798
0	0	0	11	34194	40.972754	8091291
0	0	0	11	35028	41.971362	8288788
0	0	0	11	35862	42.970798	8486430
0	0	0	11	36696	43.969860	8684127
0	0	0	11	37530	44.968452	8881756
0	0	0	11	38364	45.968011	9079364
0	0	0	11	39198	46.967356	9277247
0	0	0	11	40032	47.966254	9474751
0	0	0	11	40866	48.965609	9672511
0	0	0	11	41700	49.965035	9870275
0	0	0	11	42534	50.964118	10067950
0	0	0	11	43368	51.963790	10265533
0	0	0	11	44202	52.962502	10463158
0	0	0	11	45036	53.962118	10660878
0	0	0	11	45870	54.961042	10858342
0	0	0	11	46704	55.960910	11056100
0	0	0	11	47538	56.960108	11253852
0	0	0	11	48372	57.959384	11451464
0	0	0	11	49206	58.958674	11649159
0	0	0	11	50040	59.958331	11847006
0	0	0	11	50874	60.957105	12044710
0	0	0	11	51708	61.957262	12242380
0	0	0	11	52542	62.955888	12439957
0	0	0	11	53376	63.955560	12637679
0	0	0	11	54210	64.954590	12835080
0	0	0	11	55044	65.954522	13032891
0	0	0	11	55878	66.953703	13230657
0	0	0	11	56712	67.952868	13428173
0	0	0	11	57546	68.952622	13625864
0	0	0	11	58380	69.952481	13823621
0	0	0	11	59214	70.951744	14021319
0	0	0	11	60048	71.950551	14217506
0	0	0	11	60882	72.949435	14411396
0	0	0	11	61716	73.949515	14604643
0	0	0	11	62550	74.948286	14795569
0	0	0	11	63384	75.268089	14827467
0	0	0	11	64218	75.267287	14827249
0	0	0	12	834	0.997034	185069
0	0	0	12	1668	1.996730	382938
0	0	0	12	2502	2.995932	580721
0	0	0	12	3336	3.995912	778616
0	0	0	12	4170	4.995025	976438
0	0	0	12	5004	5.994585	1174354
0	0	0	12	5838	6.993600	1372167
0	0	0	12	6672	7.993390	1570084
0	0	0	12	7506	8.992234	1767797
0	0	0	12	8340	9.992091	1965693
0	0	0	12	9174	10.991213	2163501
0	0	0	12	10008	11.990570	2361228
0	0	0	12	10842	12.989824	2559033
0	0	0	12	11676	13.988892	2756789
0	0	0	12	12510	14.988856	2954650
0	0	0	12	13344	15.988004	3152461
0	0	0	12	14178	16.987470	3350300
0	0	0	12	15012	17.986523	3548037
0	0	0	12	15846	18.985769	3745787
0	0	0	12	16680	19.985511	3943642
0	0	0	12	17514	20.984870	4141434
0	0	0	12	18348	21.984156	4339198
0	0	0	12	19182	22.983766	4537060
0	0	0	12	20016	23.983089	4734892
0	0	0	12	20850	24.982731	4932714
0	0	0	12	21684	25.981578	5130429
0	0	0	12	22518	26.980944	5328239
0	0	0	12	23352	27.980021	5525939
0	0	0	12	24186	28.979521	5723708
0	0	0	12	25020	29.978798	5921487
0	0	0	12	25854	30.978756	6119374
0	0	0	12	26688	31.977691	6317160
0	0	0	12	27522	32.977472	6515019
0	0	0	12	28356	33.975908	6712692
0	0	0	12	29190	34.975632	6910584
0	0	0	12	30024	35.974141	7108021
0	0	0	12	30858	36.973957	7305819
0	0	0	12	31692	37.971994	7503557
0	0	0	12	32526	38.971597	7701416
0	0	0	12	33360	39.972498	7899475
0	0	0	12	34194	40.970700	8096919
0	0	0	12	35028	41.969852	8294725
0	0	0	12	35862	42.969211	8492642
0	0	0	12	36696	43.968465	8690487
0	0	0	12	37530	44.967690	8888381
0	0	0	12	38364	45.966232	9085970
0	0	0	12	39198	46.966029	9284122
0	0	0	12	40032	47.964532	9481669
0	0	0	12	40866	48.964429	9679555
0	0	0	12	41700	49.964443	9877704
0	0	0	12	42534	50.963107	10075325
0	0	0	12	43368	51.962945	10273210
0	0	0	12	44202	52.961547	10470896
0	0	0	12	45036	53.960944	10668846
0	0	0	12	45870	54.960483	10866568
0	0	0	12	46704	55.959719	11064248
0	0	0	12	47538	56.959327	11262185
0	0	0	12	48372	57.958146	11459909
0	0	0	12	49206	58.957536	11657645
0	0	0	12	50040	59.958331	11855632
0	0	0	12	50874	60.956376	12053311
0	0	0	12	51708	61.956437	12251188
0	0	0	12	52542	62.955069	12448431
0	0	0	12	53376	63.954999	12646447
0	0	0	12	54210	64.953599	12844206
0	0	0	12	55044	65.952225	13041952
0	0	0	12	55878	66.952187	13239796
0	0	0	12	56712	67.951047	13437508
0	0	0	12	57546	68.950941	13635458
0	0	0	12	58380	69.950492	13833156
0	0	0	12	59214	70.949627	14030542
0	0	0	12	60048	71.949824	14227379
0	0	0	12	60882	72.948243	14421269
0	0	0	12	61716	73.947879	14614638
0	0	0	12	62550	74.946564	14805469
0	0	0	12	63384	75.246422	14828946
0	0	0	12	64218	75.246802	14829088
0	0	0	13	834	1.005408	183545
0	0	0	13	1668	2.004664	381383
0	0	0	13	2502	3.004279	579124
0	0	0	13	3336	4.003756	776992
0	0	0	13	4170	5.003437	974811
0	0	0	13	5004	6.003646	1172737
0	0	0	13	5838	7.001960	1370465
0	0	0	13	6672	8.001962	1568327
0	0	0	13	7506	9.000706	1766079
0	0	0	13	8340	10.000583	1963905
0	0	0	13	9174	10.999869	2161664
0	0	0	13	10008	11.998993	2359375
0	0	0	13	10842	12.998923	2557091
0	0	0	13	11676	13.997521	2754852
0	0	0	13	12510	14.997332	2952639
0	0	0	13	13344	15.996579	3150396
0	0	0	13	14178	16.996175	3348181
0	0	0	13	15012	17.995708	3545890
0	0	0	13	15846	18.994605	3743593
0	0	0	13	16680	19.993875	3941435
0	0	0	13	17514	20.992840	4139284
0	0	0	13	18348	21.992137	4337020
0	0	0	13	19182	22.991932	4534795
0	0	0	13	20016	23.990905	4732491
0	0	0	13	20850	24.990885	4930303
0	0	0	13	21684	25.989279	5127946
0	0	0	13	22518	26.989238	5325756
0	0	0	13	23352	27.988364	5523484
0	0	0	13	24186	28.987777	5721274
0	0	0	13	25020	29.986938	5919024
0	0	0	13	25854	30.985980	6116881
0	0	0	13	26688	31.985267	6314544
0	0	0	13	27522	32.985371	6512398
0	0	0	13	28356	33.983828	6709996
0	0	0	13	29190	34.983734	6907728
0	0	0	13	30024	35.982390	7105470
0	0	0	13	30858	36.982267	7303137
0	0	0	13	31692	37.980697	7500859
0	0	0	13	32526	38.980043	7698537
0	0	0	13	33360	39.981101	7896473
0	0	0	13	34194	40.979642	8093991
0	0	0	13	35028	41.977986	8291766
0	0	0	13	35862	42.977609	8489494
0	0	0	13	36696	43.976949	8687169
0	0	0	13	37530	44.975997	8884950
0	0	0	13	38364	45.975183	9082618
0	0	0	13	39198	46.974536	9280381
0	0	0	13	40032	47.973754	9477668
0	0	0	13	40866	48.973128	9675641
0	0	0	13	41700	49.972626	9873565
0	0	0	13	42534	50.971807	10071181
0	0	0	13	43368	51.971418	10268986
0	0	0	13	44202	52.970061	10466656
0	0	0	13	45036	53.969893	10664586
0	0	0	13	45870	54.968927	10862285
0	0	0	13	46704	55.969069	11059846
0	0	0	13	47538	56.968234	11257456
0	0	0	13	48372	57.967776	11455240
0	0	0	13	49206	58.966710	11653227
0	0	0	13	50040	59.966546	11851240
0	0	0	13	50874	60.965768	12048786
0	0	0	13	51708	61.965503	12246681
0	0	0	13	52542	62.964154	12444237
0	0	0	13	53376	63.963635	12642164
0	0	0	13	54210	64.962720	12839593
0	0	0	13	55044	65.962734	13037440
0	0	0	13	55878	66.961775	13234994
0	0	0	13	56712	67.961848	13432458
0	0	0	13	57546	68.961195	13630554
0	0	0	13	58380	69.960369	13827783
0	0	0	13	59214	70.959754	14025879
0	0	0	13	60048	71.959152	14222522
0	0	0	13	60882	72.958497	14416420
0	0	0	13	61716	73.958169	14609444
0	0	0	13	62550	74.957519	14800472
0	0	0	13	63384	75.255798	14827940
0	0	0	13	64218	75.255468	14827894
0	0	0	14	834	0.998587	184202
0	0	0	14	1668	1.998180	382149
0	0	0	14	2502	2.997381	580101
0	0	0	14	3336	3.997009	778071
0	0	0	14	4170	4.996595	976092
0	0	0	14	5004	5.996478	1174221
0	0	0	14	5838	6.995726	1372071
0	0	0	14	6672	7.995624	1570159
0	0	0	14	7506	8.994677	1767967
0	0	0	14	8340	9.994633	1966024
0	0	0	14	9174	10.993958	2163994
0	0	0	14	10008	11.993286	2361888
0	0	0	14	10842	12.992761	2559872
0	0	0	14	11676	13.992095	2757602
0	0	0	14	12510	14.991803	2955645
0	0	0	14	13344	15.991596	3153516
0	0	0	14	14178	16.991099	3351424
0	0	0	14	15012	17.990314	3549272
0	0	0	14	15846	18.989425	3747036
0	0	0	14	16680	19.989183	3944935
0	0	0	14	17514	20.988547	4142695
0	0	0	14	18348	21.987773	4340789
0	0	0	14	19182	22.987563	4538792
0	0	0	14	20016	23.986976	4736531
0	0	0	14	20850	24.986824	4934514
0	0	0	14	21684	25.986022	5132294
0	0	0	14	22518	26.985796	5330380
0	0	0	14	23352	27.984580	5528360
0	0	0	14	24186	28.984494	5726115
0	0	0	14	25020	29.983687	5924146
0	0	0	14	25854	30.983756	6121951
0	0	0	14	26688	31.983153	6319816
0	0	0	14	27522	32.982748	6517852
0	0	0	14	28356	33.981466	6715466
0	0	0	14	29190	34.981199	6913542
0	0	0	14	30024	35.980244	7111203
0	0	0	14	30858	36.980040	7309175
0	0	0	14	31692	37.978607	7506903
0	0	0	14	32526	38.978221	7704829
0	0	0	14	33360	39.979020	7903004
0	0	0	14	34194	40.977800	8100869
0	0	0	14	35028	41.976872	8298428
0	0	0	14	35862	42.976260	8496278
0	0	0	14	36696	43.975078	8694176
0	0	0	14	37530	44.975610	8891977
0	0	0	14	38364	45.973991	9089775
0	0	0	14	39198	46.973992	9287757
0	0	0	14	40032	47.972678	9485508
0	0	0	14	40866	48.972822	9683481
0	0	0	14	41700	49.972807	9881369
0	0	0	14	42534	50.971268	10079047
0	0	0	14	43368	51.971521	10277202
0	0	0	14	44202	52.970267	10474975
0	0	0	14	45036	53.969921	10672763
0	0	0	14	45870	54.969394	10870668
0	0	0	14	46704	55.968868	11068641
0	0	0	14	47538	56.968526	11266464
0	0	0	14	48372	57.968128	11464415
0	0	0	14	49206	58.967717	11662260
0	0	0	14	50040	59.967977	11859971
0	0	0	14	50874	60.966299	12057887
0	0	0	14	51708	61.966787	12255801
0	0	0	14	52542	62.964894	12453621
0	0	0	14	53376	63.965469	12651438
0	0	0	14	54210	64.964818	12849221
0	0	0	14	55044	65.963729	13047077
0	0	0	14	55878	66.963012	13244860
0	0	0	14	56712	67.962600	13442696
0	0	0	14	57546	68.962271	13640434
0	0	0	14	58380	69.962072	13837967
0	0	0	14	59214	70.961420	14035926
0	0	0	14	60048	71.961397	14232553
0	0	0	14	60882	72.959791	14426630
0	0	0	14	61716	73.959762	14620011
0	0	0	14	62550	74.958914	14810856
0	0	0	14	63384	75.223625	14833276
0	0	0	14	64218	75.222830	14833097
0	0	0	15	834	0.993254	185580
0	0	0	15	1668	1.992428	383421
0	0	0	15	2502	2.991644	581225
0	0	0	15	3336	3.990861	779088
0	0	0	15	4170	4.990496	977085
0	0	0	15	5004	5.990663	1175064
0	0	0	15	5838	6.989489	1372749
0	0	0	15	6672	7.989308	1570723
0	0	0	15	7506	8.988003	1768418
0	0	0	15	8340	9.987903	1966381
0	0	0	15	9174	10.987166	2164241
0	0	0	15	10008	11.986425	2362080
0	0	0	15	10842	12.986171	2559992
0	0	0	15	11676	13.984804	2757603
0	0	0	15	12510	14.984549	2955467
0	0	0	15	13344	15.983970	3153351
0	0	0	15	14178	16.983193	3351218
0	0	0	15	15012	17.982154	3549048
0	0	0	15	15846	18.980238	3746836
0	0	0	15	16680	19.979522	3944707
0	0	0	15	17514	20.978631	4142436
0	0	0	15	18348	21.978285	4340301
0	0	0	15	19182	22.978240	4538237
0	0	0	15	20016	23.976738	4735944
0	0	0	15	20850	24.976593	4933878
0	0	0	15	21684	25.974907	5131507
0	0	0	15	22518	26.975531	5329526
0	0	0	15	23352	27.975305	5527434
0	0	0	15	24186	28.974417	5725210
0	0	0	15	25020	29.973826	5922977
0	0	0	15	25854	30.972915	6120727
0	0	0	15	26688	31.972196	6318561
0	0	0	15	27522	32.971925	6516515
0	0	0	15	28356	33.970150	6714051
0	0	0	15	29190	34.970280	6911906
0	0	0	15	30024	35.968786	7109576
0	0	0	15	30858	36.968804	7307386
0	0	0	15	31692	37.967423	7505129
0	0	0	15	32526	38.967206	7702975
0	0	0	15	33360	39.967650	7901074
0	0	0	15	34194	40.966046	8098732
0	0	0	15	35028	41.964773	8296479
0	0	0	15	35862	42.964326	8494371
0	0	0	15	36696	43.963653	8692182
0	0	0	15	37530	44.962569	8889848
0	0	0	15	38364	45.962167	9087618
0	0	0	15	39198	46.961799	9285481
0	0	0	15	40032	47.960940	9483236
0	0	0	15	40866	48.960618	9681142
0	0	0	15	41700	49.960250	9878973
0	0	0	15	42534	50.959950	10076734
0	0	0	15	43368	51.959635	10274654
0	0	0	15	44202	52.958136	10472474
0	0	0	15	45036	53.957936	10670208
0	0	0	15	45870	54.957222	10868132
0	0	0	15	46704	55.956582	11065849
0	0	0	15	47538	56.956317	11263773
0	0	0	15	48372	57.955616	11461541
0	0	0	15	49206	58.954685	11659296
0	0	0	15	50040	59.954257	11857325
0	0	0	15	50874	60.953764	12055037
0	0	0	15	51708	61.953273	12253059
0	0	0	15	52542	62.952278	12450774
0	0	0	15	53376	63.952267	12648369
0	0	0	15	54210	64.951474	12846070
0	0	0	15	55044	65.950948	13043966
0	0	0	15	55878	66.950478	13241717
0	0	0	15	56712	67.949699	13439635
0	0	0	15	57546	68.949006	13637632
0	0	0	15	58380	69.948264	13835228
0	0	0	15	59214	70.947041	14033131
0	0	0	15	60048	71.946881	14229722
0	0	0	15	60882	72.946152	14423682
0	0	0	15	61716	73.946157	14617069
0	0	0	15	62550	74.945043	14807921
0	0	0	15	63384	75.232207	14831774
0	0	0	15	64218	75.233255	14831537
